/*
SQLyog Ultimate v11.11 (64 bit)
MySQL - 5.5.34 : Database - ssas
*********************************************************************
*/

/*!40101 SET NAMES utf8 */;

/*!40101 SET SQL_MODE=''*/;

/*!40014 SET @OLD_UNIQUE_CHECKS=@@UNIQUE_CHECKS, UNIQUE_CHECKS=0 */;
/*!40014 SET @OLD_FOREIGN_KEY_CHECKS=@@FOREIGN_KEY_CHECKS, FOREIGN_KEY_CHECKS=0 */;
/*!40101 SET @OLD_SQL_MODE=@@SQL_MODE, SQL_MODE='NO_AUTO_VALUE_ON_ZERO' */;
/*!40111 SET @OLD_SQL_NOTES=@@SQL_NOTES, SQL_NOTES=0 */;
CREATE DATABASE /*!32312 IF NOT EXISTS*/`ssas` /*!40100 DEFAULT CHARACTER SET latin1 */;

USE `ssas`;

/*Table structure for table `comments` */

DROP TABLE IF EXISTS `comments`;

CREATE TABLE `comments` (
  `uid` int(11) DEFAULT NULL,
  `iid` int(11) DEFAULT NULL,
  `image_comment` varchar(255) DEFAULT NULL,
  KEY `uid` (`uid`),
  KEY `iid` (`iid`),
  CONSTRAINT `comments_ibfk_1` FOREIGN KEY (`uid`) REFERENCES `users` (`id`),
  CONSTRAINT `comments_ibfk_2` FOREIGN KEY (`iid`) REFERENCES `images` (`id`)
) ENGINE=InnoDB DEFAULT CHARSET=latin1;

/*Data for the table `comments` */

insert  into `comments`(`uid`,`iid`,`image_comment`) values (6,14,'ihgjlalgka'),(6,14,'ihgjlalgka'),(7,14,'fghakjgak'),(7,15,'test123'),(7,14,'31321231321313'),(7,14,'tegsggsdfgds');

/*Table structure for table `image_shares` */

DROP TABLE IF EXISTS `image_shares`;

CREATE TABLE `image_shares` (
  `owner_id` int(11) DEFAULT NULL,
  `uid` int(11) DEFAULT NULL,
  `iid` int(11) DEFAULT NULL,
  KEY `owner_id` (`owner_id`),
  KEY `uid` (`uid`),
  KEY `iid` (`iid`),
  CONSTRAINT `image_shares_ibfk_1` FOREIGN KEY (`owner_id`) REFERENCES `users` (`id`),
  CONSTRAINT `image_shares_ibfk_2` FOREIGN KEY (`uid`) REFERENCES `users` (`id`),
  CONSTRAINT `image_shares_ibfk_3` FOREIGN KEY (`iid`) REFERENCES `images` (`id`)
) ENGINE=InnoDB DEFAULT CHARSET=latin1;

/*Data for the table `image_shares` */

insert  into `image_shares`(`owner_id`,`uid`,`iid`) values (6,7,14);

/*Table structure for table `images` */

DROP TABLE IF EXISTS `images`;

CREATE TABLE `images` (
  `id` int(11) NOT NULL AUTO_INCREMENT,
  `image` longblob NOT NULL,
  `image_name` varchar(50) DEFAULT NULL,
  `owner` int(11) DEFAULT NULL,
  PRIMARY KEY (`id`),
  KEY `owner` (`owner`),
  CONSTRAINT `images_ibfk_1` FOREIGN KEY (`owner`) REFERENCES `users` (`id`)
) ENGINE=InnoDB AUTO_INCREMENT=16 DEFAULT CHARSET=latin1;

/*Data for the table `images` */

insert  into `images`(`id`,`image`,`image_name`,`owner`) values (14,'PNG\r\n\Z\n\0\0\0\rIHDR\0\0Y\0\0\0W\0\0\07mP\0\0\0sRGB\0\0\0\0gAMA\0\0a\0\0\0	pHYs\0\0t\0\0tfx\0\09(IDATx^XTǕ]2\n؝`׼v5ݍqQPT.QEDeaw9xxYΜ93̼{f6AA@  \"sHAAC2  AAD$  2d AA9$	  !HAAdL#E.\"(P4Kg\\@VsNѾyf9ܣV`oPl\rS%3watņ֘a(VI::_.r!dqNΜ9Q|ytK.ũSx<~X`ǎ<y2Zl	rɴ;O25G͙`lkL1?vD-z(Z$ cff!C0ϡCba>|8F)S`dLL6M3Fd1B0i$d͛W2o\"˙fMڡ\r=svk/U:tftWXWsϙb~X*fgK`GI,,at(%u%\'&k֬BPU^SCsqv}p`^8_ϜH\n%u>q+[[[ܼy^ƻKD9!37wqwx={K.Aܹ% ҆8Tfu}I`!F,#:YO+43<6_#\'DCQܜMvFiذ!:vMg^h׮֭=z&,|ƍxn&$&\"h!ׯ~m۶hѢvލ ў&)_V+h}\ZEqhs6	ڸ&8XAh:r6r2N0y8{w1]0bme8`3Å#wb>CL9an&zw²g&~!w轘psó9/Gw{0{#ۼiԩ#DTZDpz&:;v,yݜNݝ	IGpl%&x(Xd^4G=1~L=Q^.d[E=G>Wo9n+1j|>\r4.je.xϫ\"\"#xbرcyZ[\'x3ӂ/M6M񒅅[npa\"$$Ŋ̛H,k.lhtPj[8JCc7Pt<Z=xTg졻h3Cg\Z椮>^]1	B9a\\FeuaRNrL>L:b\'1r!Z9	K*͛&_N\0LMlKX(`|91o(P@2]B\Z.݋>nhgΘyfwRgn	s:oU{m~x^~aɛ?.:#GrwAEPu	O9wUv`\Z,EEϯTD\nݍBvj[X\\c\nqɟ?(v^F`ooOb#\\mDWqYtb\rj/xG({,Nơʉ8:z`=6?\\<=5G;K<bvT+\'2,Wyt{E!Lw5]h96Yqj޼9;;LXM\rcj.kX|;_f\rfbkޟޏ 	u\Z5j0G%b݄JXpQR.Xs<Ιu+/>O <<\\ʗHA`ڽ*xH6͑.`f\'C2? CM2԰/c~ɋApυv!x֒[w̕K2/B1ǎGÇb8p͚5026ƥ˗6&,--1`\0̞=[ZW}vQ,YUV!}V`O\" &YσkpOz+Q[v?ww.\rHCq?v^GLNDî1Q zW r%Tv+[\r`^/#領IAQf%\nxnQ(\nSVfA%%1ˣ(!QxY|Z8adpP`|6Ͷ|r>gşz;t)TgqƜ.%vP0`尽\"j]8Y7pW\'*sxo!p۴hUڔDƺ0袇RۘrhWVMfk\"w(U#xa7?ly윱0l7ǂѨY\Z:O^tX\'&Ld,>,ȅsթS\'1޽{}6VX!_z%P;1΅VxDd`d͂\n\"90I戝mեxg	,܎s	+)7^C~(\"J9x>\':!s!\'҂;;ˆ5aa*Ysu\n6t&$\neuu->E9Sl|N\Z:IB2\\U^e1vY|P:oBy|d	}{\020j,<>޽O=D|/cx:.iSbEqy\"z^%xpn䖺+8*TZÛgĢTD7GQpad7`8VP.n&kG/p	cBCq=\0;Oa>Eh^6Ⱥ+9kWT\\,\'{-a͛7)۩S\n{|~XpI\" &YiaD5C(sLd\"k9V#Ua9wr\r@(xdJL=\ZO!2\Z<ZϏc}!vΓȂ;Bcoc1Lȟ\Z\0F$U)^sB\'\0\r.o͂3`\"KqƧ:g\"kwݺwǋҝ	=>^=yTcwx-2Gt|<=qJ+KG(sL=o\\ -<r#e;r?v8,\\gw\\!{OC	`hH{)rUo\rEt0fܦһ`QPt6߭rTZo𘻸\'=C|v[bj\'҃n2EΟ$ccc\\+&Xsg8-raui{rttEId}$Ӥi1GsܟD2S$lW:Vq~ZٌKQdv\ZE&0\Z}E#{x\0aXD:O\"Zb_CL?Uc\ZavœFՅQAȪU/C\0S\0r΂H,88C)dBd-A\"+ގOØ@@_/|;/|7e9U<A0b9o,¬Yh$\r#o޼de{nOXYAu0s3ξ8K<jdL~}&T޿;a\0\ZpQN\\`uQ|u*8;yfC =:<~Ev95.6o%N!Ӄk׭߹z{o0ax_F{1t	aDwC2P+rXӢ0\r4C\0sDXsL5GBS<t(ŕpa:܃\\QlYM<\"#!߉7cʥx=_/ŝ+eQ,7߳Vr(/S\n!VL\'[OȏղjˀvL`크sɂ@,5YUd5!A*U^R\r/)y;-\nLE⳧HGnH\\뀧Y&xY/{cO@z;#O<yY0x`{Ǚ`4YO\"ηodv8s8uKݒEdoU&NqSCɁBİaE{T>2%GK,ltP	&zRߏ_t1NyiY|p-0-SV2.B?%{\\/_,DG&D\Z5j`ܸq/\'&ׯ_O\'Z<ƍ$Z)K]\"c\"kc4Yb^VufR/z8Fۑz\n.C.8|f\'^/		6˄T޿;bhz\\jY{I<۝NY.<fxż:lLdrUDV3~<s*6,[j7ƻx^նĻj5JU|^kUǆLdycҴ6>7ŨOͪ扣0/K\Zmy\'޽!;O%|bM,1D՚1\ZY>Bl^wg)jOiIcZdC1rT\\.R]tv,A*=n\'ؼ.\\n\'l\\6yW:x\"׸~\\\\|Bϵs=+T y<.\"|I2eʈEL09dVL֩nu7Ýf\ZDpsD2Gpos[uU	yvf8!g;dk,^yh\Z\rX	;A|~^`IЕȒ);fP\'2 /*W0A\nFѧC	<?j.Y6eY 6ͪY嘰\n+XJZMx5b>mOJsF3|+Z0&5r-|D[Wx-\ZE5|W\rW[ˊHܳ7!C-aLd_}Q]D1u`}O^~!\"Z:fn؍=}O%ED4T+u`<]2Z GM2,]Cp;?-Z#M+DW8;zǲu¼earM)N,V?rbٳgPOO>ӧOC)ڲe?[/!Id}$b[Szg&zL`\r1G@{sx5*mFvK_;A=}Y=L\\MGzHXvw1<3;`?У1%܅*YƆ7\'ᅿp(l~.lbc8],-G*YŐl캘35V,zP+|D={)6grMOAxcV+;N\ZxW\ZԨG/u}ZokTZY<w܀;ѣEO\'\n#r󻩯\n_A9qf͚yZPREQ_9E\r9fˊCX.L-*-ħO3o=¡~Xvu;c;u!-])x}CsY|2VWOqŇlpx%$&)Z1)nvQfo6fD׉uѢpi5EEnSl(T5y@#?ЯzˠzxnJ Xq9E\Zl Vmaf%\rv z+9Ϯ%xGV^J9re-ac\Z1$={v8؁gE&xY)^nWXQ}GxQ&^+ZxiVũ㡛;שUFrxQ65s$u߾}#%WxwHwbM,vA	CgRY# 4kA0$,9&PY2E{3+j;eCc1Bg(=\0\"z\'ya/ń0nxIsY\"ɼwdRhAE_M68~0!!A*.C>[\\hݺuDA2P+9:X]\0A΄6̈́\rywG#l|EQǵq~Uв{?1YN8!^yƇ|xOu4]JA,JħT˽2\\wȂ}SD^69r̆99reC6ug/;l1#|Ѫx8\ZO\r\ZYfxV	1\Z[aHpއgjy:x\rQ;hޗX*yy(SMK#zԲ̗ȂΝ;;w=)OjzA	~wo?\":2ALrT=|-,>/zb&Eċ\r\rHSB.m娲P\\uPb7Qv/3uQK\ruhuY=\\q/60e\ncDg?ypu _r{8|N_㍯~=zTpa?>	C.y:<-p)d`+\"O3\\DVк\\jE\re0!f-Uѩ^ki4k	\\<_OsLњ)HYL%yɷX#?0ș0<\"6x2\r3p dŚl?p]C/N\"j5DbQ+Fs$4Ab!$np^$\Z,_xr*\"!߾ʖxV2Vd.P?$$ɺ}GmO>n!3ş8ݱ\"<v%rb-#_U^*cӼ\\\rtQw`cĂh}Ar8 G:(6VJFuV,Y	N{\\ac\ralX1S`E^d޿;ڵspxo+KD,\\JѥJ.EԣG	X\"b!!ji=I|BO~?$޹vC{̨pS{mbgt\r*a]jR;¨Lwg(\n.#	s	<$Z]p\'vѩ5kwZgK#ْgM욯r]l6N9k6\"\nVc&tևI&ܨQ^;u銓{r1a$c8|zOkpi9s7cCK$#&D޽w>x\\.KVcTAbxdpTDԪUn|*foòX4jfu(;q\'/ 6{WMy6kW{NNNb-U(6ìB+tg@V贼Zjl\Zž\\(4AtPiFVXAM#+g,ŤY68s)&X>9(ZzSҥΜu)򂷷[	.^.?劉{y $8dB}&nFY@4ng}\Z!\rElpjW,\Zìt;hbQT;hJ!nE)ܟc}+bL#\"\rg \\ \\\r++I=YLd[ZUcNC\\F(0dz4\'H޻]	@ؽ=\ndܽce?_<X	#>bǍgq=873b&Ū3I!s]]{Xi`ղoELK܍~ȈWp32|0CxC|ֹ=H}&7.g7n]wxowZ[aϹ xչbbh(GP]T;dv:V9e\ZbLCFOW\ZiaĨ݄I3}?p\n;/`\rñ8<GCT|DCdV4ost<Pc?Cz>_GTuڰ# bTY<ggL\\L6ǽXDKܒy\n6ND@L8nET9MG:\"<6O1`m+.\\drǠ0	-G9QeB|2\Z&LevaZlc7axEBxhEqCBhɦ3GuȄ}\ZTvHI(hڢ.gx1jrJ}Y%,%\\Lms\nGy8\"L$>~s+uҠUx+:x_EA)>hG\\9EQ~e7Px`VY)z\"Vn`Bk-Ofըװ1	\\-=\Zc :ǣ?)Ps|}}W111ID\'Ntٰex\0wa>@e...TZi/6~BGW1עiȺԗ|1ݱ1Ãfx84bƘ[x@gsiu#4:l>r*7Q}RX|@+Xc\Z|xR\"mT\";&۾\'k5bZ\"PSnBWD,#\r-_9\"NE֭+= ,*Qo\"+@Rd%ә	NXg;O9*&w);v|\Zp۟Oxf;;ˊtն頒,tPV2625vb:gn+l0#FO\nHKQ|D֓WXW+DV6nWw|B<ol*t/\'|,.\"EHM|S$pxnFQ\Z\Z͇nBExtfE^Iw\Zx\nv?-J`DE3 gQQھ8q%(*Vrfc\'\nT,mbydby	ί$zbfxxi{l8}F挦j\"\rP.g>r7?V﷨پ)Y\"/ɰva8L>SaSع]ʩ܋x//=\0|POOO2OB<PM4Ρ]1Y\"C2c=9;2LӮش0zs܅֠ry\nGA_kG 8$DXJJi8+\\buflEع׃e7,[>Hj7:`TIjEh@(B0g~\\m\"LpKotUH_+sifs!F\'CꉰpvO}XTocA{cvU9V4v3)x@¨-7Dߌz0!2`	ZALlY	@j!>wD\Z#ѽgOAl^nYN\n5Bbx\Z/_wx>$6^*V677\\:r}38=<>{\\:NehꢃU.;vtŶ}yخwF&0l܊{IScFtڟ\"\r	|aJ+wc)񝉐K,9kE\'=JFWm&h!(,#\"q?:/^ġ(Fep9Z!O3ey3iW0qU{ƅ\Z-; Mľ觷%wR\Z%\ZxUԓE1l/G\ntHkᑈ}rWkAl\'b0,&b*uGB8?[!@?LOȲ|ڵk{ݱc.7ϟlhھ΀uF<ΡԢ_}H=ce~KjrZv..yYI,*:ln>D\n_ɋHH|kbK.G\\pARС,A~pA,EA}}ɼodVx\ZŇQm\"(<93<<0|ؗ(g8V$Vauc,Q\nC캐\\s?G\';7n\';WIf!Fn7\rEc>	y\Z/&I_u>9,_O{g/݌pczr3엯D.]PĠJ>&>	/Ϣug\r>)P\0r%;I6oH>F$\\GDt$<.C9EaRP}\Zǝbp>L\0Tz2ĐCq~<ں\np8G_0 v3qq#\rdI,N9#n8VX	vXFodV\Z4hSg\\YÉg\Z;+Xs{\nd0d.L+sDDhذθ%yixGEςūrŻFdlNBF}RQʴ46m[Y?Qfu+^\\14H6_E \0gЧw_\Z~|8@aK=jYa1XӰnX	AF/~<iK>Wo?:솀 g};Ή\'sڸq#`٘1c&NӦcYEȢdV}FF06Ɛ	,rvO-f)	8<mH|=_SytGu놓OEoHޛ0W0\'Ji5}̇ru\rQIM(bő#gNjU˖Ļ	5i۶-l&M6mLƍŻ---QvmTV\r+WFŊQB+W^|yW*o\"HAAd@  \"sHAAC2  AAD$  2d AA9$	  ̑CNm7ak)1\"!<ObM[Kk1o(쭨ld_6B;\nIKۛ6hYiHlR=Kdn2ձmlZl\'H#)C͔EdeQxD\n\nѤ?BI@6>dmhKoү00\"JPK#B4MV6&Fo HrPb-٠@\"[傡he#8_\rM~mmQVYf)~J}H,NR1sUwvg$\n=D؊\"pDcRT\Z&%Q$]Ti;$u#k\"̣aO0\r2^.L$`6U6wij0iujr]4~NJ%]XĖViRd~;54JfOm=5ɛMSw~%m0pUIq3RiTjmKM\\H6\"\\&txkr]͗k+C~^}_5\rj3FYpIJ1lHiTM4V<޾T-%*lrQyۉ)Hۦ7U.G)GT\rdLdtTl-EZ*UW&U6TYӫWDv\nhHو#]iF<WI:P=L*͸\"qn/H++W/C7h3DaXEj\\8T.\Z\rG?uz<3\nEnke.\r;Oڲd;i)7%j6Uo\nWo?3OJ$lVS;-%YVeҫRDvj6󜌕9PE==r,۴qCFSM&r.Ga@F)yK>m&WjU+ZE!u^(OF9;niU\0m:-y\rFCU$f36UM+	~M-O5SlD]$zAKזS/T\"!@kT;ZV¾I>=[k;\Z&\'\rQyqa?~GJou/9비RD*?/97LQp\nnSk8Y<hVylSMG!U?ɿA #墺\'ه2nSďK5Um@¹%ߗ\"׵$u1mCb_Jko|~ERJx?d,TϑLCIrZ}slRmGF	e4|el1?YPh\\NFQX$O	W)QHy.C|ՊS@}.;\'\':i ҵDVuP5\\--٦lHK|MRF呮%Ev$[*~,ezN*₯jcskEv/0;KM]vZVʴk\"\\5-j3\nC=L(fQ4(3}\"Idԍ1阚\"vh\nXbw*j-]J7 W(w&~rलJxQ\'%\\iwm$a4m+]:\np6qSliƚS\r{yL%<Ob(Fڹ>IѴZx:PY>HqzeDde+Vww@[\ZV(\n$eK$44Lo_-/^A+OK*\r2Z.\"I5(\ZCʦPWNԿKj{kNRX񍕋p`򑰟ED-0iUlU$\'#mChTiotд]2:\'U)s4Mo)Q=WէKM:)#\roqKGd1+2L~6I$	  !HAAd@  \"sHAAC2  AAD$  2d AA9$	  ̑+W}^kHY}6iʤ*ZV%_~\rԛ zm|KZߏ*exaHQ$^+Bhp*h8YHl\ZY_O|K,7\"e,Jo\"DIdį_2o\"DtW 7E8Ɠp4\n3E\Z\0S8MrbʲPQOĖZ]% \'+Zm[ǈ8-\'12D-}ڹ|S}?Կ2Hd?	);R\rN߼yR\"DSi=Y}Z\"*)S39;MR~&¬jǥmb;?<.$k/A?\n7\"ZDVkU~FO$-?jO@>lO)[3Qi*H*%uC3^?\ZCB|*IA4%G-J|	Pj_Jdi$U7\"EV\Z[J\ZU2A\078uԏIT|7\"K#S7l3dW=7UIN6fMUdI:6 ~4#ICݧ(sJ֒1&VROA(HlڏIT|AR0	%\Z%۴}dAĤkEVZeD+\00I#|\0RھZ\ZZ R;F!ʭTOI!4bmHc!I\r(޼,R9(E`R:Ov$E?::j1E-\r-~Ad+F\"K{\\E?,);[1鋰j;DcT8}~aӛ=ڜHq߬b#TrO]V霯_#P	ҏ޶PSĒ}REOY5yIqIIUhh*Tԍ%uSME[RU\'FQO}S,(rSsXpeMMIUO#Ih)7 ʈoQIC*\r,QWM VJ!CB2!Gw;tH@DARH`D&$  2d AA9$	  !HAAd@  \"sHAAC2  AAD$  2d AAɂcsnX\0\0\0\0IENDB`','test1.PNG',6),(15,'PNG\r\n\Z\n\0\0\0\rIHDR\0\0\0\0\0\0\0\0DR\0\0\0sRGB\0\0\0\0gAMA\0\0a\0\0\0	pHYs\0\0t\0\0tfx\0\0IDATx^[].la{;R\"\0AbW) \"ذFSLL419ysz|5KIQs{sO93kfVL\"cm@\Z؊!BPCW{zZ,PM2E\"O$	5<ükjJİA@?_\'%,,H4^LN@.@:{N@RӒ?Q^w6g5^X_O5Z-RG֧MؙW5ː\'3pbcTHͻWHljĝa/rC(,a+QL|Qc9Pj&(Y#	A	F,U;$%!1!NA!5cJiIFIJwGNy4n>Aua-ELb0HiV-pק#\Z&n( ?fb1\\D`^-Rhv5baM=Dy5Be]Iy/L\"($@\0-pGT}|X-\nnfڸk(/SXtnnD\"A\'6L?jN\nW?5Ik(MY8p4CKb6y$HS}KdP3Y\"\'nAB:tteydt#+8|k\"+GK.TFڸX#hZ|\r\"u 7Z%\"(9BYxk潗Q0Qnq}(v#6c\r]vo$h@nfam9n{Xą BڎǋūW.Tu9\"Qu{9\0¯{\r7TBp3#22|\nO7հT~N+x^~Ed#Ă*q_69?i4\Z0%woƋ~ĳ\rj)NQ=VG&D\nq~=qai7KD:v%ɯ!Z$\'|_.(59\0QbOynOuXW*GM<C%u̩C \nHoYDed>-f׻SC/\"Gp:|vg=_a&cf4y)?T&$=T&LGt\nC6?Yt_1/$B	$]cW\ZpD4F\r#8&AA]^Of`j5ָg|\0si!8})g\0fTw}3%qZ|SkI~,N\'6{cy^:iEu2[9B\'ߛ8SȝQһDxkFaS)1J#c]*X\\1-P86./YmDa4Nʐޣ׳0N!qC[N\'$`BA¶H\\0\n6Iu\ZDޙnfr\Z8bښaMa87Hirh\nQ6Gr6v@X tb?j\rx4֦	8qF[7!וp	w8T	5	:0AB<47dS$%5xLDA=!M/71Lgˬݻ{\n{栆7~=XnTj; eA4˩GD$n$،@GGn\\t>!J\'tqډ}B_O\\X=#/=~j8ohQ\"dh܇5;M6\'j@~K$<1qG5 rR>c	\Z6k\ZXIУ4?/21E:l2a3(l\\P!Ne\nkp~4N>fPZI>a)5&\Zz6#rF	Ԉõ Tn7L|EAFQ(I`(_H_KfHđ|(>5lv/.a%;qk5{piL|6/\Zѐs8\ZGVCIBVN=QRz>[\'T\'5Jno~%A@\"gf\'ޅ<|7O.T_拰=6rDX:fy#*#\\8[B(#\"Q9+.=J0TM\"5OGm\'RIU㉌TC\rR}q(g!T}ZbyGun\'z&g9OJ#sFxe2\rLL9I[V[Q}y@O9z!2CAH&[I/2\r)RlY׊?F@\nI)s|1H=)1zY*5bb9R#E8N/YzDx\nh[ʩf=\Zmx9LOO^{۟=E	%cyPH(eȪХat%50խt?q~_.b.[\'>]c?[W\0JS[l|o(*+2B\Z&pMLA\Z\" Y`x&.VPD܊?/ZLgᄡhk/Co9][Bswp-5(3ie2JG_<z@c(DP6Rs{(7M|1Jy$C\"PCs~Q	\"zEBnݩ89+}+jn8JjB1$W1$OOCyN\ZG1R,F^tL#씨p4v_0P~_#\'9auN6(5G(_pR=g\"/p>z:K(<^Z	\"F\"$w+Ѻc*n=KeDH3HFWjsi.\nGh$x`W\r{N\"FϬcQKQ<pqC<>D{KqޝA߫Bd+6ݵ0N	Mt:..ogN\Zfv.u&g}1sR}k<ƾ\"GzK~#~E\Zz\\E*I7PWcmh	KH셂i16&\\;5n\rjfDrzY*E>QE2j^cnJP#&7zH[(b~ KeVz\'#?h6<S\\5￻#uhۏZJoD9lLgr=½NH*oE1@e\'{1Jסw\'DxF_Aqydb)hd$m$t5o:A$*?Qc\\ް+8	^p5ڱKD<\'NQ\'P= _; \Z|{()p3>5iVdE#m%	u,џYYϾل o5g?vycwFJqxx>\Z\\; #%~ǡXQUH i=]ACI ke\"O&.T\"H|qG}IwN~߄uCĠP1h@7wVHIS=!=cq@/u	\Zk\'\n/-ZzV3}Pv8RP<[iAdh\'c,\02;U$An+nG6gŰvg_M\0kea3z1R@YJExei:zJe^m0Ke疄QJap^4ǚCi/pw1\n<腰}V;Fbp\"0Hx!Ԡxb\Zq9\"̦lo	!H:R1ްa;ñ;Q7ɇrP!(\Z>}YTDg3?R^:>F\rp^L%AiQgi7@l}\Z=$R440MŠM\Zd\rk0:g|~2\'\rbpg*}Ű:YϠB菶t<AMH^\ZAPEa(%=,rD=6O#o%C083+ɝ[>~h\"lnk7/I5blh\'߆h\\}}V$T~8\riks(,DϺ9&RWL\nqaVpV +	7\0fwXֳo/98}|}\"FBF+?j%}0k6.nﰵL u\ZH>X\Zn=\rd)2,, )87E_k[(.ZbK#Qt$]4f5J\"a0F5BTi(|%3?![h\"0vh1D?ZY\0R=VMz*#j	Wcz\Z:; WDo!OCa&b\n$	l}J0uNVF4F~:v3њ-JbmRy:j8&OЊͨC2o|^F_v)O$MaK\ZPVwa}wBCh,7.gT7)oMysڍ\\$SGDxBdP\ZT	NR(?	eJY{d43KeiߣU#3D;aG_.>}V$H-@h,鬏/#5_Cؚ4|><;[Y0\rD9[|=[]K\"|~{oO1^LSOf^\nGn5Z<.+>fNxQg5<>W8? \'q?+hf?(&xIcⳟoXW?g-gRfH!\nq:cBT<Fi+5 0)ZG~~G&ahF	1k\ZĠ_gd,eT\r$/GE$O!ψ0HD::L6za[PI;	SxJoJ@\'N\ZoP5sR(ǩiJ\Z(&EȓL<#r(Q*=O0#xoőYZ\n;uBCKkkwf֮政j9\\C,<pWqYK7sHq/үX0-\n_S03lszZ!įtBS\Z\'FaTەGF1wV ¦F\\+GMåCk0YLM!uCRi4n>43+l18AtW%%R0Q1UaӭaXFa\\Oj$9k_=\0/,xI0\"͎Exh\\ah؜iQHr5:ì{}h\"Od0`N8=-^H\rz:%QAA-5ҳF\nixS΄cn¬w3ge&VkI)k453!mK=]\ZE\Z|ib\r{&p̮9-A`0,C\r[b,܅(HL<`>NsYSnE\Z;6`(OYciC7Vr*sw尤O6ڵV͜I.{tl-XgM5IjąH7(̓FPnc`rFmv5\0u\\Jyf(27ӥǂ:\\T&zfCGz/{{d<sy7H[Oksڜ5k	\'DeX{VQ@9$=[g\ZR!֮m6s:osX~etB]Z)H޹:#㛸y\'h `C/Yo\ncYo24:\\[p8w\n8}g!:;SMb\0SuCC8^\\,p=ޞ#/[`p8w=GM?V^.miJY wDrdT֣Rke Y<X{vX+`;uUW\"ڸ;p,-!ZۄbTfyf&L!S[B\Za:A@fFXw`;u)~2qw~(rK\Zp8.%抰G)\0/X6ptG`rl\\`>,p8a[H \n؃\'+X)S3s(Tаݞt[C-\n0\"\Z:кp:K,l@.1}3i13L\n\0hM;{u\\3Q| NnEepeV\0oF˧rg>ó/`Z]ι-9Ն3u)\0\n2Sac`wXB>:O/~~E<lM=:f\\։xpa˰Wa\\݆y^|g1\'aiڦ=\Zq^{Ѝ\rA(HC^^z\\XUę3\'0\'AjH{P8!מ,\\6g1ᬜUL,B36b;fOwd\'M3wc:c_],ՐNG *g6\'b{U%(e[8 |6iwqK*֤xlY$i*z{LߒQ;CEtc:n@:9~7 1hǧ?6{Nq\'vO׈,젴Х<?1nf1eIMnLAAz8\\ȩ\\-(,)qjv;VwT+D+#WJu$\"ݥ/xpfYYq뎱덈\rM@vcgqari44S>\Z0zngߍq~!3[҅cL/gg0<v׾xk3%	)d6(;ƎlDAJXBj̜7$¬se?}ym*1|q O9mFI\0]yJջ4ڄ^rSa36gQڔP9!$.R3W[v ؾ/.)>C?Kٹ䯱>VE\"~o+FΜeL9ghxaHw+Dĳ)i{P;?>@js8NJf;4.\"š-	HdYkX3g.c`[W$\'8jE75ڃY#||P3k4%*6\'c).$4ġSnԇ!:N5oFYek{6~mH`3H,oX	vCȷKb4)f|gצQA&/_mCS\nC_aeiُ?c	[[׆Jwj[`W6翎<!,k/8b	_M2Z\n7&µW8mѥ쿂GFp8۝CQ5|W0/sCHY4:$ϧDxWOt42YȬeFS[k\0-^z5Em:_\\ׅӷ:HԈ2Oo^IKVjGy.c\ZMfl8.LJXX\n4\n#[PVQ	<|x	g*[Ղƣu\ZK/u6#bf~5L5Q-+~;(//fe4TgjK)oXgGס\Zp8&GwyمfM@jr5)L8xNW`{ٲU#D@aԤEnkOF6\n#+}dz>v##,u8u:8mD\rЍEX܂F8uG47u\niAw&kܣϫB\\ʆqGZZ{\n\ZZp+	{.\n3\\Wd3}2A6e\"O⼲?weǬnso\"IYN^9وW!Qx f\\j	ìCӈE7H\"!ޱ63HSS.FǬqm\\~))4nYE-]y+u3aSdsBj	Q|Na϶\"ʫV6Y#>o{OX*ߊ~OBJ6Q¶8}\0:A`e1_bWڎOEMnw	85:ìPp87Ū\'16rFYXWc)T:L}\05녑pq_t$[Rt`<΍\n#98~(e\",BGq&Y^:V-a޵(N94;Y\ZfSt6\\?~{\rkb6\"c]62/ޥcy BpFZU\'O`<Y4:V!48;~(8`fQqm\\XpZa+H|=\"lnMi;*Y:}~{.\Z%pY6h>w_	CoHAYG.Z>m% my/i7x|nzki6Y,06_?Z>&%3o2UygbwGY#X8Rkkdt<ƹHw*SBϣ!k\\W\\W:yM -Dm2\"8^~\rgҜ<2n\\R<fx¹sh̵\\=~}i救}8{\rjc5<(E2FX0: ]&,\\7?tث3UlkGn;J2slG\n귭LjbNt.Z$vn[K9lTRX\0[QgQ1~*6{R\nJ\\RR\nKXH!|Ha0KFԢj:O,DPXY*>9\"wLZP)^Hh؞^h\'Y\Zjks]G@ģjK(>25r+#ӏ`*kT?^	\r	0zrI#x 8m/_AWm䋹;Rwu+]KeG3;f]D|ђm%Ѩ.õGB8kR;qpK$҄kl!vÓ;N-ia:63ˣ9HO	$|iÙSuGv]ؽE;Qs\nca|6 n\ZG#otգ2ca֦Rshb6`G%%!=hR8akL6֕EEjZh#~8,.p8g.{p8]0p8o	.%kfG(/5Y#bPP`Wdp8]/a1d6\Z7Zc;_84GGΣ6SO2\rbJ?oGn9yEXR{-Ζd\n17=ɰTi3y;`q8~k&b|\Z[In!63z3OmnHp-V죑^Vcq81ns=Eu)0p;X̿8N蚿I\\\0xx\n7Y8i,B~ƥ\r0P.KͶ4t\ZjTu=Fִڸzm5FN}p8oU1e{PumuQ[wPIUM]=n!wooh>]/Q;1IdOZT5:΋W	qN(LB	$fX..\0o3FMһ1Q1S *&Ľdq8S85r!D=McT82[?WOd#,/µM!Rlqa~͈LLDW+; cga[k\'&.@b5%#aeVx?gx;O/n\"IFE5X:.̯^$wlQg	X\r;p87ͪBQzE\"liQNEp8Vm(4A]:\Z|;OPLuq]@\"cFpD{φafqaU)Hp8/fULY+ŹAf2aPpJd.)<g0440+K\r\ZnQQ}.DGc3Gpޥy#PA\\eܹ҉ގ:\nf%\"F7Z*.,Yf%h\r&fi|8ǿcO{9yӬb˂-DYOH^Sz?Kh6O6xUeKB4ƨ%JKED}EKzY$s*|/Ɵ֢jB?AV\'7`[闉1չ19~8yӼ\"\'l@q|	>0l<p8oS	l\\^G\Z{cu[X(osp8yoEptAG*ՐYFp8wZ9y\"p8[0p8o\'n؀\\{(a#~VX) %cЮ[>ټ*#~\"\"bK~y}`5(-5M}9GÅ~s8{\"la\n_*Kw$.\\wѼu\r<l܂aTH dfFyFT!\\xMuhۏ=EIH_l1\'@NY߷W6Ѽrnc{Mn|4H.CÑ>\\\\j~G<5lIY}k;ʚ[*8ShҒ[s8E`D֏`|,>3|wx~g\0 Kn>,qÊa\n߷5,:b\")<w=<5ik+#~F\nm,j>A[\\GT,*Z10yY7eaW\nY\'\Zg\rqH1Jb]\ZSNDK tp8EX۔f|u\'ʣr?zO/g5-\r~D#)v*N?ȅaf%s\\E\Z	I6K>\\k%6r+~G\Z*	2$JhP1tG\ZМ?iI	knf%ЈY+\"hj%`vKaNqQkTۍi\0AT\nSX~?DBaCqէ\Zj1+6<lOb(PJ9%L%56=6jHIz>iJ]\rgZAᐌ;dш03)#F|Ã-a+)djKtMjNeP@h֖tiQ!02((=B}\\Lm݂&W{6z<ϯ+6F6]X@R.^y{@IGѐ;TjWC!1p:g?Ws=nB{⧟¿߿~W?2qA!t:kq(}\r__Ec~7p0\ro~q\r!i	L]䀽&\"		\\.OcOKqW\"%,IgOb\Zr~_Ji4>>(E#3m8/^\\RdK\"<6ƃ:gxлYզ6u~yGؔ2z4݃a]ɒQ1XypGZgk0USp(n_jG+J1@`R1CmEܦ|fq1/\'h+|ҕ\08f0: ]&.Ee!p8oe{.]_(w,7\nGo\\:,LFd&A߼ĝ<T\n_GLގ}	n&ѿ5h	ۀX$mEg	װ0(q  %Q !.`Tz`$ќ$2![j=lȠb\rb9Pq+\nPBXM8}vJ4J\'Ƒ_RC	S;nA||yO$b\\`O\"l*%xp\Z#[.pVzw\"-6MWu{}y-e/vkQ*L1625n!(`n@/]Dr}|x[088;OR{sGr-6kӳWP;2bF;yzd^s;xlƧOQ-*2ON<0\Z*yX0R߬2Wˋ3YAqB8[/go\njqFw wm=&vz#䛰\"\'T|P\'9DM;e#b65] \nE(-\"[uwb{\ZUtLث:A~#\Zx\0H:&A[sΕx@-/4zǹ3P;J)pI_=zԌxwTa,04<Ί9>h>3D8wu\'0)ųTf%œ`5y 9Sg~EuKuXy򸀣[7-]C#qaYA-՝~z;Q!X99pu7!#9AjH%ot+S5\Z?_%2*Z~KaM;(rc\"4̡\'b񇐋$>&\nYDas_Tm`݁틸[ҳj9F~]N&`5ay\nCDuU;	b`n:ÒQ2\'E-:[R\"ഁ(	n^pcWq|L[[1:g:@rڄ{*S*r&!c?m&~&Ʌ\\gw\\1?*<++a6\r;.\Z|)	RlxQ<M0 ~4`QvA<{؂}i$|$$Qw{4bc|ǝh0R2Kpf\0z5E	k\nQ6FvZ031\\bW)VӈT9uH2\0b:37\"e.28/eLejGuMG am0˘MV.q8X歰MhĵW1;\n3d`]M>}֊\"{+pOŎsޑ(Y3&HG_qtl	b/V$E\nxk-~\r,&fPp)9~sX5~blOfwcᑌ+a39.ihO6uG>|\ZZ0MОr\"<\"lv@fɯ0FD\Z.3b3!8V:,f51p&KT9;\'zW:ҐƌJ\Z*5y:.La&:#x>&o?z\Z)@ڕjc+Q{^0fWV% S1+D2[/Ma!@`qN(]K0&{ghZR\'$)7Q\Ža\ZrjÙlAˁ,\ZQ`KmUqu\n2q&1~\rBjόT؊x~&PچZ\"C$jTu5<:spmxwEka)<sQ{\\7s[\"O|?51~Lj~gpKR\ryD.*A-\\|Wz_6Ew !	B:߭iq#	(C\"*ۉIs6s^Qݻ\nODBR]T4J؈];CE8xg(X`=k\"sDxzvg{@>L$&\na.͵ݙp7=c1vJ[\ZMkm,Q!L`OBbw&t_3(e~]lYv}[òT%\"hp@U%v\'bˎt!~>pOق=yr_\\2r57\'TX_V0pr.kk}\rΕ(rYF6kEmDR(wTȯ\'7xp8[`-]ݑ9׎L\"t;d$&Uv\\{ҋpR+f\'NAS˾}`\"Uq%jܝy)ns0dH,\nmg.Ӗdh}S6^y|^8xНp6+a29,͍s8o6Gxnѥw ֧	lj6ӂv6|p9V,D_Wx\\q<Hps8\"p8[0p8o	.%s8\"p8[0p8o	.%s8\"p8[0p8o	.%s8\"p8[0p8o	.%s8\"p8[0p8o	.%s8X\r/5FEbSXH;K(N^q5K{+X#\"\nRD\"_\'ՇsDb\nk\'9\"clR#~\'L?H&O\ZRp޳f\rMuH0(BPCط6Fp^\\.G4@EcVFp\'mu3=Pej	uLa\'6)bzIT!֏XD? w#_D2ٰg]ܖGbIqf6ǖHY[5\"q:b {#~\'M AH&:+AL^JufAӻE\'[{2~}X?[	\r1{z\n//6#yj9!5#2N{\rˑʞA<m}Zqq#ed,{cIAm8b(\"d\'&x)N8#Id&`+]:H߁J֞h \nƄH*D?\'FEvZ_>E({4Y# %\"yM5މ92AbK|0B׿q:k⏝IuX:䇉HAXw!W6N[!Ea|EHyQL;(_傻)<D.{tR>)C=y TJW!3nmX8._&*ɔf974Pt&#Q:=|6;\';\"7MGS~\\	@D\Zd$)kGdы_i\'*PX%w#Òz(Avd3a0J=@m^F\rK8Κ5,~XC=DG=OM	SctFjNIX(1,tGf-UDBE~$9a;oމ{&fyCbMAF=nG1\n㱉\ZI(l\n\Zf,~F//6,7!p(L<QGA/&H!V\nT8KP(%QNP|*\nWJhm\Z	jZ-Kd\\ʹ0/q_\nwբ4u3j\rBy0;3Xp?P;ҝb+^b\nĉC\"N\rlϑ|<!	EWf$.4Z7(\"?{\\${Ip(,V(S*]KG=, gGKPUW(	iAVklʵٚ?;뉋\ZVǝ+it먽\'Y\'!?^zn:oGH-|7\r`*Q\"hVKXUBc~V*M&TA:T\'HlLK*zDt9	{\0J.vrD-s5zQ⁢bls@bvac6vRеralwB\'Y6Vpqq׳sBMa)Rw3RBӬW(\"3q6q1C9~%i\n9(t\";uneIXDZ\rRֻ 3s3ȟ^I^زu6ei嬀3\nlSEg+swprzWo&¾L&5tMFu7_M\Z^o;4I\"Es+Z&Q8IV(#tms:b	+(|u>{!]}1RFe5H!y)l6O:sf j&=)\Z&n( ?W\Zz8uz~ Q	L^Sq\nIDx+Eb&qgxv\0klV5	q&%%FB艹)LL|rgO1JJ0:r\nG;1:9h(JHmșӘ$˘<ݏB$\"\Zup+LW\Zۋ.v?h^O\\XڥE?n32̡$$;#%F56\r3j\Z\" JEcHX\0Jjl<DaxhN	0yM[sjTZk(01ShK\\W9 7C\\HX)8;e?bŸcKS<nH/[;7h,MPX-k(_X=qD*ckuڸQ\\qF..Ν^tYچ8LwFD*\\	<3>_tmrCQ58\\nx^ ?I?~GRT*^Cqѥ)	C-謰FZVYcWO$&`裸LdfY	L:o\"R1Vk$Oܣܱ6	w;B֓k0u:}}阘6\"\'S9\"2LWF2fܨ0wx<gY|dCaP.1\"\n&Tߟ# h4d7x<0DI8!r\'uOǩE;D}/r/D,Ni׹++*j.P^ŋ齢N^0rr3C2DY5$٘\\r$o;?s}\\&h:@a,__cvģBO9Z^ٞy1.!\\þ,`_>翎ڞEJqڎ~31>Ig2&rA6%NFłƅ*✸\n߽[}h\nOT\"ci{⠆CҶ4Wp<E	%ᓸEb5vT\\sP1+7PL/+\\)\'cuS\'.,O|\Z.9AoJdB/	Δz+&;M6{~~!~;Y1ɥJnd\ru.\"JPAaEX)<=p:4WhybߎhMFԞdtu~S7k%4\Zaz;\Z1\Z\ZY]4a\'yp(;ȇ\Z)s\r*7eah$+ƣ;\rd^}Z/lTJtG0rms{=ηcO6Ĺ2+t26=Rh\"~&-;:mnhR\nh6F㳳(7!8Pk@!Mj$d\'I<8,^I8\'#]HJ#$AǦSR\n>kPG?\Z}\'.nKñY&LA.gDM*Dz#\"m.B|PP>*\nj;ޥ7Pg3u;T\'tSCK\rzȟ:ْG\"<_HٻUA/&Hwu+ާ{N=\"#ޅ#ZޟCb_~8yf#`qr]d)nG)X}%?j~Q(2Y/d L?h\Z)Sim+7\Z`l3η/P|}1C<\\wi#ٔ\0aiH0p(mG	DMoW#8<#2\ZG}FkE|ب*aQP%R&Rq3%L3\nOL\ZJR(Ė~|/^|W|_H:fD\'.V`+3;Rwi笆5D\n/^¿\Z&{ُ2Wc_.OR<_NnD*9\ZQ~k;KzllԼR>jH;b=Q%5@wMRy҃~apgҬkdPĕY:|v7Of)pJD^h<>\nC <#a8U\r5mpl\r{mTC<Pژq/~46jDn_nӻDg=OQm]\"Cɲ}GOG\ZxǄ9t ];~.2\"\\ώ	i4)6\"K	$_L|DșFNs뷶3D8\0Uhس*7qT{FVehwQdxwL°߄7!P},|wg- Gk4RbDę:/A$¤1$ԁu\"A\r4JOFn*	*WWрe~̔b|mJc}?R{\ZlTp׵0qm|,6iGM,;lS\ZpDЌ Jay0_8$7k.{lyQŴE\\2+|=47\\}8)yk!k3\'$sEPY\"\'eݟI>\\x2y\"2ޅї=(qq~8`ľSI\ZU5_M\\7u~4DF/B?E\"ᆤ\0!bj JcX\"zJPnl_l$EldAe9dı!=z_lL0fA+ֲL29\r,w]J\n\n5hl\n¡<C#6GGRP؛ɺ&%\"uGBY$_LGdΤ	Q5%o	İRa@\"Z+uѸ0zgMNАEulճ\";Gr0(K64\nB?3	G\\XO#^#>\";k\Z}+Dӻ:v=1ޥyꋅ6$9\n>ؕ>k4rؑ4q6j76QwBS&\Zĉ0BkEu}fѳI:.eyXas\n<5Sǋm\"23JvFl[I]77᳋A\\i;~5J-0ҜvKEjEu9䎅h<bx-ԓ	\\(.&p1TS/XJ\"DTA\Z,z7Ι_`OpBq`6[\Z	V&Jh{\n%+S&,h&qrAr@N$\Z$49F\\;ģ[77+/\ZU)jiDy6uBz|s]>}MԆP\\+a*_ޥn%wF4퇱8RsGQUF{tqV&߄I<I$Hި\'Q/[ʢh\rL{ct/3,^_JIOD;Ë/pp\0MQJy^Fa@Rh$lG]^	!c((Nӭ!a!TQںld4d#?(l,rEI,e+25̚Kּ@hŎuY}E!9R6ՠ5\Zׇ&ra5h?݁,D5x0^q^(.Z.69#Ȏ\0k)Bd2&kp::Aϸa%JX|.fKJʙ-rg\"0\ZkK`EpgƟa8x[#4C1x%e.Yg\0)CW i6(ph$$pW?U#$\0珲Ԉ\nMJdFK\Zۮw\'qk;zz=5]J)4\Z-$QE;g`l ^b\rB>Be\ZrPّPadJpV:Xji#;Ϥ9A	/faNéZ\'S\n~b)OC~ |~-c@Y\\v!u>|o\\OǢf\"auAjStmNk[J-<v^N\Z	1{GrzO{UH\"oK߷B$C`~\"/uM!q@i~$Đ}T(cXsS[R^~Ҭa].0ӳ.QhO-QeUn\n+_[\r.-,GXu~}܁k+@9߉\"|~{eᓟPTJRX@.I+Jn/?qyr]gÉAj1z+SM)^O\\Pt+|ҕ\0\nz`;{<[TPC$tci<\"Am*tUĥ7`뒗_>6XV$|ԓ8d*s#7\ZcԢ@4v`{[cиQX^p4iǑ`F#1A:6mq>~ȓ}\0K6耼16D(jY脂I4NC\ZhL)5d.\Z]7\r _NGzS*mP?\\kd {{\n0k^n􎆠af[qqz=>?N6|Tk%W2\n+\'.dϕdDV|	>]c\"IHNwF1WBQ%Cd6Ǖj{()p(ڮ\ZW\n׆:0>BNq=gNTlfzW~fm-Xk>6IfH`:~l!ggt{	lbޓ9׍s(؄M{WK1$P0ai[Hy 03zBmyԖ:¨cPe]Q{ 2/zZ[rW\nF@|3	YA&5ъ)$tMQ/]h=VF2i1C`^	\rQBnnkai0e!A߯P`=?S/8e}I]qiYhE酾wm+n)\03?+۶r-fE\0R=WolZI/=KnJ$AJHb)Odb(ԓÔܬ`VEa*/	%)ˏGbb6xF!SQC&2(>6:wzc\0SAB>Yi\0u1#e[;\Z14(7+z\Z!\n_jIϖՔ:,}J^3/rc#B#Mn8n݉CS-up=dܚ*SY-J}xRǕ,hZ\\5b9BwMLaBgR\nXۊa%\n嫂L5)o)!7zTr[z->B|ɝDmv}|Dq6Ҷ}k*ovU],\'-*3wa3hX?m>[}|bM{Wv\\\Zz!\'n%%۶R+7>+׶m=F	1fe,,`\rqH1Jb%tg`-6VH\ZF5T*cZ\0\'lWZ+ৡ@`[bك\'i3v]L=LbFۼ8\"`*al]Yq3dHD?S~$+AmB]G%(Wka#:i8u$BzP;\Záؑ)[._kP$k,\ZV<ἓYwDY[e˸ׁ7bQv KA,l-9Ի41_;vzf;[|\\=86vA{7,,\rdh?\\yx=8s8ap\\9yKa31D0f`mn729%\Zʰ1BEw#P\'G<Š8\n,pavRt<^JRG&!#-%nb(q+g/dCsk3*WC6ci\n/\noR`$$\"]\':q9AjH%Y}*N?B\ZKmhl5B^w\Zp,#G=^^>w>t\'<g7x@X{=ǴG#θa!q^l:Pmfo&3Փٗ?Sxؚ\r;B}0Dw0\\l@#~,ͩZ3ys6Jp8V º$ 6|v%[JSgȥ~FԻG $k-$o@Pǵoѓ)tt4yB`S3XCf[{kdb\"\",63\'!ތSm2gPoa>\Ze819r3\"<\0k(=skM@j~#j;g\n56vc`.[#[5hqqZ(8#[p\r]Rz(=W=B@ԁkB	{}b	e\"oB)6<q{c͍e(OJPZ\'ti	[*ԃݛf6C`wq{T=XҪF47aLZ2\rh<?_F#=8)aޙA䚉6d_w=s`jTu=޳aq*\Z#/]XS֊\'{11uߝg%GܗO1ZLP8 |~쫡0ꈣǅTĨLNߏCOA;\\IjAj-HbWCsDo$Z>p}.L	AqX6\"aRmP#F~bd[Bj̜7$rG䔡}7u	oD	phnuL~tVOD\n;?<J3C2!\nSdh\'.)}1^o@vnAI#4bk8aKg;:Ǐw`dp|a#-G˖a*s4&,m84C44a-=TW%ޜVa_1\',vZἿ::ENGo%2`Y%Axy!ezGŋng\r|]<BVt5Fc4\nԆ1 lOY7nc2\0py3ʒ`gqƱma	M\\ްl ,Fo鏷pӘ>ceFƕs/.j^]4k=D[1e\"bs.~;9RJ[u3)(q{xJb(?h_GOi \"/о%]	*OWhIQGiPFC6|Kq3-7aK\'؄TOpbu/@\ZV0jqt]Xa5_=ACh?,]3% ?)~&i z0K޳Q[?~=[x\nk׋[xuaȯ-8@y\"<on7/Z(_sP{\Z#^=7>[[߁ɚ9V9w >.Uj\rб9tazIl\r1\'O?~;qaY;`YDȵ|/4\"xeEX[[5\\wg堂J0F-LكgD7	º.<$.[3KdT1tw<مطi⏏0MuUK`hp{\':z~`ݕ`x=joy?j,{oʒ0:qFc9,U;?,a5U8i5]K]@\"c%\"lnk)_bx\ZW]F\'¯i:mQ܀ӽ\rVc؁ʫ6zY#<u;zNGoMG7IŉV\\܂5/G{6C/#\"Efv^5Wwti&\rG[QUVp\nYfXt􉪔F\'cM\'qIL֡=pV*R>7q?%_HL$,)ĥ8X_a֡l#YNptE\\XrNИ3quHC̒$Mտ~W1k	<ᕺv.?&~b7\"C@(uG`ՋFT&!:F)ܺՎ֝	p!;v\\)k\"c+:tgYD6)L,3kf%26paL΋WBz)( N¾ihji<ё*Ak5i0KMx˯yz?d:ϹpwV%anY\0RPӪ?RP:X6(lB,EBX\"dg.lKn0zJq\\K0\\Pho\"l apb)Y;!\"*Q\Zs\0)!Ջ0L$\rY0a=uqן7˂Xt,		#ܼ*YJ{=P/#ռ2#mDJlsmɱ67e\"Xvd=ס>tUk_4oX>ڌxԌ̯CKzY$s:bƟ֢jB?%7XLL6HxS?<жevZ!&aDnq?,YV*gxgcLunAAry{V6k>=M/3\"HU\ndMvc$odm+51P{dam\nVxm1T8$1]p{␚H6B(60d/#8Hl&iPB-7Ypw\"2\\2̢TCf-*`oo/Ἣpp8-Ep8;+r+DUlccSp8kavȻb\nw \'~v3002ʼ;ku	g	oqXp/p8IkP8uO*U9vv[iZKU@^3:qup 	p/6@a?YJa\n053\n2v__ӏ`*BMtM( ^0a{zDfllۙga,Xkmc(ҞĳPT`j\Z#L[kpƱ38yD7ug2_(8-,G`_p:n?>^/³j4rdq;nSuϹ_&la!ߜJ^`8+E05pE3;ag͎B4pB	>p8wUЄAdXmS&lM0O1Z#;Y	HMF!R31\'Fƞ܇$	ߥJ╊̚.<r,`eQn7&~Qhp8;ª-]gpT9-/ڣ&JC\\\";Fg_9ޏ`r=JVC^Dni՟P,ᖐ42KE~I=u5p8j&Ϡ_wBI.Oaj~4\ZD,\rXBWp,E	1?Ἳ8r;O/§P`anV4ψD8\nTlwMt{qa53C=42^RUs.H컳0\n+v;p8\0z/ƍA6vbh+@F	B4}9`C3Lc{¼s_%T\nSѱv5ID\r\'~\"ǖŽ\"f=>W\\r8) eM=8{nр0MaAV5;S8~7NP;#«ajiv?w(a<`)dr8oFѱܻ?t9E=\ZtQq8Ƌ->U0](FZ??f9r8.J$[Xr+ȋTj.^RpYqX(oh􁙉eHi۰GU{6 \\{.Anٻ>BH(:zw \n}sp@DQ\ryg͚R\\֢z.>Տ;s8vz;x?d/_L6xF\Zui1a䴭h<12&p8λ\'3\nD;o7FG0kwlvo\\u<k<یX~8yx\'EXl.[>Cketn:}8T|E7WTBcFe+<KmpIfJİA5kL rAhIp8;+\"p8[avP)djKȅ#y*vx\n`V*kX>R{^s8!*FK)o[0[zTG(\ZqDAsKAlBMwѽ\Zp8Kp*jΞ߃\rQγk9(.NYz;fi!T\"7S̈LL.	ظz>L/LEp!\ZOpy|uwbjEG,Dpc\nR(rZܧ\0G}\Z:8J!e \\H8|g\r-	\r	P_6Cz)t=<ɝjy\0k9^QpſSkٶ&A62Yf2xcS};`k	zDDn@pD6pv-CB$SG6Pxkz#	y47؉KԆXY~prBFl8V\n8mzwbo4\'˧>u3r=sg[ fĪ1ݲ;fi!˜,ˋc\r>ɇ(Xpߊ3\"Ahnŉl,\rvR{C֍Xt>{]ۊ؛[79,#¹~\Z	GSYO65C	$-5mF0<Ob\0LaLٳ9p8yuc#ցܙ^DQ-T%[\r{KGh\\w }M-];9P&z\"3nJ	n@iYlnхQ!TCr\0񃨉+#=SzkjXlв6>G6>upY8Ʊ(oH]zK\r9%	W\rrObG#\\\' N>+o/xS6&D˗&dĮ&\'!v^{1a=4|ځp;G[Z7zq|iBᦦ%7QQQHp70:PmXRkkE$#%]NHĄDT/w /T瞌5pgF\"ܹrwQ7`F\'ѶeI*a4!x!2#)6P\"V+U@xrKg~5i\\1a\ZeA.Fr)JTt`g0n=[H:U\rPg7u+Hhk?lu\navm_[H80>ގݳciBxSYyUH)=~[gke ѭ;t\Z-%rLsI3ff@(;j}7ȁb}a6Xъ԰^av+`u*>A\'P|l%\'H?dŦ)*JbKfCMSX4B,)j A־${wc|;ai	[0SI 4a\nJ\Za*2n?/wp\"8m@q~?b#hCzx\'K|ݷ\\e;wujm_\\*aDc|ܰ	=C{yaMO5Cb6\\s|A(NmC HEz)|3#/$¦oI<7ڳPe&SkLR}кaIMhm	4mCh-Cహ~=Dٔ$;H5t @5;`BwÎ~S\"oԙ\'VC;b$_3^p\r~6԰ZFX) Nй~dAXX~.<xLTޣp&/S(^{D؜DbF[\Z\rSYE˿\n?Au4.f{s礆3*GĚT\'B1^3>l\rΆ[궞Ekб0g\rG߁ƂNċZyWDx+3\\\ZJ<<Gu~,H\'pђ9Jπ4{y؞`g\'Rʄo5|p4\Z.@N,ͨa\"|4ػþdt5\\;܃͇p|NhpE+}}ygg!9C==5|OvT ¦$ɨ8y\r#ēŷ\0\'u|r]YiAvjGH1	P{X5(b W=T8!h>;^2ADu V7$8tv\\{rg`\"#X;<(lxEXXĄXVo\0ᴧ,(|m\\CKasD4z݈$G~h\\)XŐۦ\"4[|#Qnd=G_sw]g#vU\"Y3{aG\"|U|\r]Hu2񘇙Ttbjb ao \'0\\3;횑\07d.<K?}OM`5K?q\"I,	{#cQ:,5-o%&<rlG8llIƁ\'$*cC{[iATXwv\Z\\W4\\}-*l>\\=],\ZYZ2a3&lnKRz~yw4%n鏟Rw1\nHf܃yHӢ\nV=+._E8	E?]142Ve+\ZtF{$r3C7(RF+2g&LGnGH~:sLGg%iHCO͉QFpB9yEX\\9\0+Lд\rI~bd_AEJE؜r\rBIX&50\0dE0P8%q(J>l̅L#l5EReMc_p^j_P[$g61[$@ПQdI؉ѫN0|:۰7a6חqnn%J\079;pfjo0BQt<^%,%bT@f`Æpp,řooFE̄\rނ=|[01a%,prn^ELe$*e+o(ӫm쭃o^-?\ZSjTwë!{҄^+P;߮QDs-K$(&J05ٯς&,/Dt5tolA3\rx߄`e6rF3ّOKދ\nzhe lM餀wb9	εװ/uBU:\'<4&1;v\'¥G˽3\"l\rͺ<z2C[mm*.=hs	ni!ȩjˍW(NRC.d.6-?)GU_n܎$J\r:,\Z[Fc\0f\"ӐeF	ڊpFs	Y~\'ZRLYaPX8kz4vFbsH|69Go0,E|CTp.p,<u0jFqx#Ԭ>lhw47}!1rL<]ط9|pΰHCt䍣]s؝֍P:gj1(I8\\8Q[p3㸂}υpǲ#a{9{\",|ނ_ccJo5RX#V!1<_7a{kx6R@ž	/.(_Zk+!8};<O\n߄3waf$Ct	vtBY|q|:4\Z5Xc^7v<\\Zg.<փ`H4xu\\BhJ-E@I\Z5,ݽt!\";6[k&^`%SJb6/0u4%	]ꚕϋ:ў\\@ibS%C>FYt9<`)Q\ZŚ5Pe\nXJ BFmF2_y42ޑ).wS#.a{TRH1HNƬn\'g-Gfv_c\0rH;\rpautz731^ܩE>b\ZAJ#j=<;gh$2eUxbыd4K H<#[=o}ǸU`9u,බ>o/ǵc8\'[GoEe|i`={ihBEґNP{\Z7_!3$}5=\"jfsFT\"5p>|WWH)p򀹕X7/YEPvz1:e\n\0\n~6Ljϋc*֯	Apte0<(K>K G֟v_CJk:7f)fX\"?OiNmsXS+H,bOqxo~\">V0xq/imV~~spV\nŦ]HlhŐ8?!pf	ScGn0oxhSgC ]soL\'oSug!>KLJ7ڐmMΝ@hh+%`:5	apou¦*{XRi5];\0IϢTB*|gg0wȬ8hhԬ02\'\r27hlB,#72#Q@T5`dhT:/fNpvNLt+W1c<\n\noX\0W\'2Ա7M0hK&f;D,\\\ng:6L8ͮcJ	[P#_x%v/\\p)JݎYm\'[џ5o,w2c5؟3EJ:Ԋ3gZQ-p8\"\ZP%\Z;F037Qt(z>FB#eFPEnFnC~BwV211֏R_;/p&)JV*lsHQd64>܆Os6\"	uM?Xah<54d<Ǡ]2+hTJp8\\9yKpp8-7a5J./JOE|j_e,	!I>pla	%c>.sc}y|X9(+aX*PZK 3vRs(ll-e0J{//Ӌgxn@=`XB	οkwaeJd_gJ##\ZU\"5dVY\nD̹p8%+a6rtCn++%<6]abKKdɶRJmY]>6S1CQ9xng:qOZ11p;V(^(Fb[|Kq8;bFqqcHtagEшҥգqK3k	I<?PI~4Pt&#5Ϗ1Yee28?0p8؎OȾ]A.<[oǞc%>\r2?|lOOƪJDaFG2l/6	Eh?\r=ىѬl=#h$8&rGH&]QP6ԣi\\?B)ǾT+L\Z4G ƍC;a-|gx4M?Q \\Fm\"^jNBIF-!ڱ1JXIg( <\\ٍ(E[FT_+Ցt7r[8b󋱻$Y~!q8;*Ӹu^DU\n҃`]^Gx*;MarQq_w`p&}>[\'0vn>z\\ۛOS9GOc\\WwD>7Ĩ$Ğ\'nBS\'qc<}pӋXZ,CD6.19tM۽୑# \Z{q.]`\\{`AGALg0SD5U8U5tadp7ƭxԗ XOqy0\"-\'~lvv(IN#9W*4B:tIŨ>6tNƍ0xhNs4|٨m%&Ma/6AC׬k~وXMPMBGB?L\\@@4nAm{c(qPM80ۏclKMGK6|{g*M\\witRHYH?z\Z?Ι)j\Z.9AopP&^pVD\nM+Y嵵\r]׾o_LcF?+	)zj\'\'0Կ{rb~<P)JK\\P(;/iTLpBDmIv΋?v!;b\"~A߾x\Z[u786pc; 9!~w+JGKYaA\\7^<w*%4Ԣp8%ؔT26lBnmNȏo<WfZF	kifH[U8o_XLQ(ΙDŰѹ-)M(_\nyھ/n\"Inz3̲A\\q_ +^s90kTC	\'qv;ǐ17&Jd7O0fnf\\-kq/\"s=UnQ0ZDvQ%E-0=UհZx\nEqt|\n&%v98	.w0M}8p\Z1A{p8e\r\"g֡32fp8wUJede\"&4\np\0g[$\"\nkX7\n-nݞed4bI\0DkkFJ(S؄QL5\'#o.)$jvrMކp16䦒c\'9,~m\Z.t4hXHΒ:+a$˻ ;cSZ|౱>mGed\0埾_!(_p8Ϫ8xrc%.s<fy?_W7[3DP/وD׌|M.U\ng0A#ȯpATlibE#\"#߉|*NcMiY܁;ui~&_m1kn4Sb\0|+@`R1z6cLxuD\n\rO:Ӑ }LCv-<?	Fs];?*ˬbQ홅,6J5fC3O	kVRH`jfњIE((l.UT*N;!kH^~Bl-e-nHJIfۙ_i6W\06JlR\nRXZ}],\'5N-yj|Iഽ8*ocd:qܩ-	s8;\nvq,,`\rqH1Jffq-sb%sf,pծm<ڊʷp8ۀ;Lة`k۽k-y`^^?[{V9nE# o/ 7z`Q=/pos8\"p8[0p8o	.%s8\"p8[0p8o	.%s8\"p8[0p8o	.%s8\"p8[0p8o	.%s8\"p8[0p8o	.%s8\"p8[bVm\\H.GfO;/ @ƣH@e\rsS\\3Q\'}`g̏y{Q5ɡfTB%p87jLW1\0\0\0\0IENDB`','test2.PNG',7);

/*Table structure for table `users` */

DROP TABLE IF EXISTS `users`;

CREATE TABLE `users` (
  `id` int(255) NOT NULL AUTO_INCREMENT,
  `username` varchar(20) DEFAULT NULL,
  `password` varchar(40) DEFAULT NULL,
  `salt` int(11) DEFAULT NULL,
  PRIMARY KEY (`id`),
  UNIQUE KEY `username` (`username`)
) ENGINE=InnoDB AUTO_INCREMENT=8 DEFAULT CHARSET=latin1;

/*Data for the table `users` */

insert  into `users`(`id`,`username`,`password`,`salt`) values (6,'administrator','e3ae74ee760a52271935ce534515369343d91953',1460016529),(7,'testuser1','c3fbc2bd8b1eb45bf8ca313ddfa82aa4ee6646a8',1460016544);

/*!40101 SET SQL_MODE=@OLD_SQL_MODE */;
/*!40014 SET FOREIGN_KEY_CHECKS=@OLD_FOREIGN_KEY_CHECKS */;
/*!40014 SET UNIQUE_CHECKS=@OLD_UNIQUE_CHECKS */;
/*!40111 SET SQL_NOTES=@OLD_SQL_NOTES */;
